{"cameraMode":{"drawMode":0,"name":"Shaded","section":"Shading Mode"},"sceneLighting":true,"audioPlay":false,"sceneViewState":{"showFog":true,"showMaterialUpdate":false,"showSkybox":true,"showFlares":true,"showImageEffects":true,"showParticleSystems":true},"in2DMode":false,"pivot":{"x":-0.01305919885635376,"y":1.7677489519119263,"z":-0.0003437995910644531},"rotation":{"x":-0.35817012190818789,"y":0.003357488429173827,"z":-0.0012877039844170213,"w":-0.9336494207382202},"size":32.18742752075195,"orthographic":false}